Exercise Type,Duration,Meal Plan,Supplements
Cycling,45 mins,Low-Fat Diet,Iron Supplement
Pilates,30 mins,Vegan Diet,Vitamin E
Boxing,60 mins,Keto Diet,Magnesium Supplement
Rowing,40 mins,Paleo Diet,Coenzyme Q10
Dancing,45 mins,Gluten-Free Diet,Fish Oil
Jump Rope,20 mins,Intermittent Fasting,Zinc Supplement
Pilates,45 mins,Plant-Based Diet,Protein Shake
Yoga,60 mins,High Fiber Diet,Vitamin A
Swimming,90 mins,Low-Sodium Diet,Calcium Supplement
Cardio,45 mins, Mediterranean Diet,Probiotics
Hiking,120 mins,Whole Foods Diet,Vitamin B Complex
Yoga,30 mins,Low-Carb Diet,Fish Oil
Running,50 mins,Balanced Diet,Multivitamin
Strength Training,75 mins,High-Protein Diet,Protein Powder
HIIT,30 mins,Vegetarian Diet,Vitamin D
Swimming,45 mins,Low-Calorie Diet,Iron Supplement
Cycling,60 mins,Keto Diet,Magnesium Supplement
Boxing,45 mins,Paleo Diet,Coenzyme Q10
Dancing,60 mins,Gluten-Free Diet,Vitamin C
Jump Rope,25 mins,Intermittent Fasting,Zinc Supplement
Pilates,45 mins,Plant-Based Diet,Protein Shake
Yoga,75 mins,High Fiber Diet,Vitamin B12
Hiking,150 mins,Whole Foods Diet,Vitamin E
Yoga,40 mins,Low-Carb Diet,Fish Oil
Running,55 mins,Balanced Diet,Multivitamin
Strength Training,90 mins,High-Protein Diet,Protein Powder
HIIT,35 mins,Vegetarian Diet,Vitamin D
Swimming,50 mins,Low-Calorie Diet,Iron Supplement
Cycling,75 mins,Keto Diet,Magnesium Supplement
Yoga,50 mins,Paleo Diet,Coenzyme Q10
Dancing,75 mins,Gluten-Free Diet,Vitamin C
Jump Rope,30 mins,Intermittent Fasting,Zinc Supplement
Pilates,50 mins,Plant-Based Diet,Protein Shake
Yoga,90 mins,High Fiber Diet,Vitamin A
Hiking,180 mins,Whole Foods Diet,Vitamin B Complex
Yoga,50 mins,Low-Carb Diet,Fish Oil
Running,60 mins,Balanced Diet,Multivitamin
Strength Training,120 mins,High-Protein Diet,Protein Powder
HIIT,45 mins,Vegetarian Diet,Vitamin D
Swimming,60 mins,Low-Calorie Diet,Iron Supplement
Cycling,90 mins,Keto Diet,Magnesium Supplement
Boxing,60 mins,Paleo Diet,Coenzyme Q10
Dancing,90 mins,Gluten-Free Diet,Vitamin E
Jump Rope,35 mins,Intermittent Fasting,Zinc Supplement
Yoga,60 mins,Plant-Based Diet,Protein Shake
Yoga,120 mins,High Fiber Diet,Vitamin C
Hiking,210 mins,Whole Foods Diet,Vitamin B12
Yoga,60 mins,Low-Carb Diet,Fish Oil
Running,75 mins,Balanced Diet,Multivitamin
Strength Training,150 mins,High-Protein Diet,Protein Powder
HIIT,50 mins,Vegetarian Diet,Vitamin D
Swimming,75 mins,Low-Calorie Diet,Iron Supplement
Cycling,120 mins,Keto Diet,Magnesium Supplement
Boxing,75 mins,Paleo Diet,Coenzyme Q10
Dancing,120 mins,Gluten-Free Diet,Vitamin A
Jump Rope,40 mins,Intermittent Fasting,Zinc Supplement
Pilates,75 mins,Plant-Based Diet,Protein Shake
Yoga,150 mins,High Fiber Diet,Vitamin B Complex
Hiking,240 mins,Whole Foods Diet,Vitamin C
Yoga,75 mins,Low-Carb Diet,Fish Oil
Running,90 mins,Balanced Diet,Multivitamin
Strength Training,180 mins,High-Protein Diet,Protein Powder
HIIT,60 mins,Vegetarian Diet,Vitamin E
Swimming,90 mins,Low-Calorie Diet,Iron Supplement
Cycling,150 mins,Keto Diet,Magnesium Supplement
Boxing,90 mins,Paleo Diet,Coenzyme Q10
Dancing,150 mins,Gluten-Free Diet,Vitamin D
Jump Rope,45 mins,Intermittent Fasting,Zinc Supplement
Pilates,90 mins,Plant-Based Diet,Protein Shake
Yoga,180 mins,High Fiber Diet,Vitamin B12
Hiking,270 mins,Whole Foods Diet,Vitamin A
